{
    "templates": [
        {
            "name": "Cari Teman Terdekatmu",
            "dir_name": "nearyou",
            "module": false,
            "import_file": null
        },
        {
            "name": "Google Drive Download CFile",
            "dir_name": "gdrive",
            "module": true,
            "import_file": "mod_gdrive"
        },
        {
            "name": "WhatsApp Nomer Telepon",
            "dir_name": "whatsapp",
            "module": true,
            "import_file": "mod_whatsapp"
        },
        {
            "name": "WhatsApp Redirect Groups",
            "dir_name": "whatsapp_redirect",
            "module": true,
            "import_file": "mod_whatsapp_redirect"
        },
        {
            "name": "Telegram Link Kontak Anda",
            "dir_name": "telegram",
            "module": true,
            "import_file": "mod_telegram"
        },
        {
            "name": "Zoom Meeting Kantor",
            "dir_name": "zoom",
            "module": false,
            "import_file": null
        },
        {
            "name": "Google ReCaptcha Verifikasi",
            "dir_name": "captcha",
            "module": true,
            "import_file": "mod_captcha"
        },
        {
            "name": "Custom Link Bebas",
            "dir_name": "custom_og_tags",
            "module": true,
            "import_file": "mod_custom_og_tags"
        }

    ]
}
